{"cameraMode":{"drawMode":0,"name":"Shaded","section":"Shading Mode"},"sceneLighting":true,"audioPlay":false,"sceneViewState":{"m_AlwaysRefresh":false,"showFog":true,"showSkybox":true,"showFlares":true,"showImageEffects":true,"showParticleSystems":true,"showVisualEffectGraphs":true,"m_FxEnabled":true},"in2DMode":false,"pivot":{"x":10.019028663635254,"y":4.636385440826416,"z":-21.298236846923829},"rotation":{"x":0.05125076696276665,"y":0.0377519428730011,"z":-0.0019388560904189945,"w":0.9979764819145203},"size":5.3821234703063969,"orthographic":false}